"BLS.Year","BLS...2."
2010,1.2915862273363
2011,1.41576755534275
2012,1.48975097626464
