"Year","Wages","Sector"
2010,1.2915862273363,"Seaf Packaging"
2011,1.41576755534275,"Seaf Packaging"
2012,1.48975097626464,"Seaf Packaging"
