"Year","Catch.Millions","CommDiv"
2003,0.088641,2.86197210658631
2004,0.149021,1.96664707422246
2005,0.024738,1
2006,0.468642,1.64717601255403
2007,0.104161,1.62051469969288
2008,0.051409,1.16117104023844
2009,0.131182,1.80650087508375
2010,0.287642,1.62695744980278
2011,0.147399,1.35731901723035
2012,0.026734,1
2013,0.022582,1
2014,0.02889,1
2015,0.026409,1
2016,0.02585,1
2017,0.019132,1
2018,0.044507,1
2019,0.071776,1
2020,0.054795,1
