Year,QI,ZI,EQI
2005,1,1,1
2006,1.116,0.4827,2.311995027967682
2009,1.3802,0.8246,1.6737812272617028
2010,1.1566,0.4108,2.8154819863680625
2011,1.1525,0.4926,2.3396264717823794
2012,1.3874,0.6833,2.030440509293136
2013,1.3112,0.482,2.720331950207469
2014,1.2071,0.6698,1.8021797551507914
2016,1.3803,0.9515,1.450656857593274
